ç”¨æˆ·,æ˜¯å¦çœ‹è¿‡,è¯„åˆ†,è¯„è®ºæ—¶é—´,æœ‰ç”¨æ•°,è¯„è®º
å²å‡¯åˆ©æ°çš„æ¸”å¤«,çœ‹è¿‡,åŠ›è,2019-12-13 14:51:39,245,ç­‰äº†è¿™ä¹ˆä¹…ï¼ŒåŽŸæ¥è¿™ä¸æ˜¯å‰§åœºç‰ˆï¼Œæ˜¯TVåŠ¨ç”»çš„å‰äº”é›†â€¦â€¦
dayday,çœ‹è¿‡,åŠ›è,2020-02-19 17:37:12,129,"- åˆ«çº ç»“äº†, åŠ¨ç”» 1-5, å®‰å¿ƒç­‰ç¬¬äºŒå­£å§"
caidada,çœ‹è¿‡,åŠ›è,2019-06-23 08:56:36,71,ï¼ï¼ï¼ï¼è¿™ä¹ˆå¿«å°±å‡ºå‰§åœºç‰ˆï¼
Tan90Â°,çœ‹è¿‡,åŠ›è,2020-02-06 00:50:12,72,åŽŸæ¥æ˜¯åˆé›†ã€‚
éª„å‚²çš„å¤§é¥¼,çœ‹è¿‡,æŽ¨è,2020-03-02 23:45:00,49,ä¸ºå•¥çªç„¶è¢«é¡¶åˆ°é¦–é¡µäº†
å…ƒæ°—æ•™æŽˆ,çœ‹è¿‡,åŠ›è,2020-03-03 00:30:57,65,çªç„¶å†²ä¸Šçƒ­æ¦œç¬¬ä¸€ï¼Œå…«æˆæ˜¯å¤§å®¶éƒ½å¯¹ã€Šæ— é™åˆ—è½¦ã€‹é¥¥æ¸´éš¾è€äº†ï¼Œä¸ªäººæ„Ÿè§‰å¼•è¿›çš„æ¦‚çŽ‡å¾ˆå¤§ã€‚ç¥æ„¿ç–«æƒ…æ—©æ—¥ç»“æŸï¼Œåœ¨é™¢çº¿çœ‹å¤§å“¥ï¼
Andyå¤§æŸ æª¬,çœ‹è¿‡,æŽ¨è,2019-10-05 18:55:56,43,ä¸å¾—ä¸è¯´ï¼Œè¿™å¹´å¤´å½“ç”·ä¸»æƒ¨å‘ï¼å¥½åƒæ¯ä¸ªä¸»è§’çš„èº«ä¸–ä¸æ²‰é‡ä¸€ç‚¹ï¼Œä¸è™èº«è™å¿ƒè™å¾—æ­»åŽ»æ´»æ¥ï¼Œå†è‡ªå¼ºä¸æ¯ï¼Œæµ´ç«é‡ç”ŸèŽ·å¾—å¿ƒçµä¸Šçš„å‡åŽä¸€ä¸‹ï¼Œéƒ½ä¸å¥½æ„æ€å½“ä¸»è§’äº†ä¼¼çš„ã€‚
çž³Â·èŽ²,çœ‹è¿‡,è¿˜è¡Œ,2020-02-08 16:18:47,18,çƒ­è¡€é•¿ç¯‡çš„å‰æœŸéƒ½æ˜¯è¿™æ ·ä¸å’¯
é‡Žé¬¼,çœ‹è¿‡,æŽ¨è,2020-03-02 18:24:07,25,ä¸ºä»€ä¹ˆä¼šä¸Šçƒ­é—¨ç¬¬ä¸€å•Š è¿™ä¸å°±æ˜¯å‰äº”é›†å—
å¤§å–Šä¸€å£°ï¼,çœ‹è¿‡,åŠ›è,2020-02-24 22:29:11,56,ä¸€å£æ°”è‚26è¯ï¼Œå‰ä¸¤é›†ä¸€èˆ¬åŽé¢ä¸è¦å¤ªçƒ­è¡€ã€‚æ°´ç«å±žæ€§ï¼ŒåŠ ä¸Šç”·ç”ŸæŠ—æ‹’ä¸äº†çš„å„ç§å±žæ€§åˆ€å’Œåæ¬¾åˆ€æ³•ç¬¬ä¸€å­£ç•™ä¸‹äº†ç«ä¹‹å‘¼å¸çš„è¿·å’ŒåäºŒæŸ±åäºŒé¬¼æœˆã€‚å•¥ä¹Ÿä¸è¯´äº†å¥½å— ç­‰ä¸‹ä¸€é›† é¡ºä¾¿è¯´ä¸€ä¸‹é¦™å¥ˆä¹Žçˆ±äº† åƒé›ç”°ï¼Œè™«æŸ±å®¶ä¸‰å§å¦¹åƒè¡€å°æ¿å•Šå“ˆå“ˆ
é‡åº¦é’æ˜¥æœŸæ‚£è€…,çœ‹è¿‡,åŠ›è,2020-03-02 15:06:02,48,è¿˜ä»¥ä¸ºæ˜¯å‰§åœºç‰ˆï¼Œç»“æžœæ˜¯tvçš„ï¼Œä½†æ˜¯æ˜¯çœŸå¥½çœ‹ç»™äº”æ˜Ÿ
yÑ§Ñ³â‘‰çˆ»,çœ‹è¿‡,åŠ›è,2020-03-06 10:03:31,6,è®°å½•
GIVIND,çœ‹è¿‡,åŠ›è,2020-03-07 08:01:48,6,è¿™ç§äºŒæ¬¡å…ƒå¤§åŠ¿å‰§é›†ä¹‹æ·±å…¥äººå¿ƒä¹‹æ·±å…¥è®©ä¸€å‘å…¥é­‚çš„ç²‰ä¸æ¯”å¦‚æˆ‘æ˜ŽçŸ¥è¢«éª—éƒ½ä¹å‘µå‘µå‚»ä¹Žä¹Žå¿ƒç”˜æƒ…æ„¿â€”â€”å•Šå•Šå•Šæˆ‘è¦æ”’é’±ä¹°å¦¹å¦¹æ‰‹åŠžä»¥åŠæ— é™åˆ—è½¦æŠ“ç´§å®‰æŽ’ä¸Šæ—¥ç¨‹å•Šä¸ç„¶å¤§ä¼šå‘˜æ’‘ä¸äº†å¤šä¹…äº†å•Š!!
ç”µå½±çˆ±å¥½è€…,çœ‹è¿‡,åŠ›è,2020-03-06 14:22:23,3,äº”æ˜ŸæŽ¨èä¸è§£é‡Š
ä½¿å›å­,çœ‹è¿‡,åŠ›è,2020-03-06 21:53:19,0,å¥½çœ‹å•Šã€‚å…„å¦¹é‚£æ®µè¢«æ„ŸåŠ¨åˆ°ï¼Œå¼ºæŽ¨ï½ž
äº¬æžçŒ«,çœ‹è¿‡,åŠ›è,2020-03-06 15:10:08,0,å¤ªç¥žå¥‡äº† è¿™é’±åœˆçš„
ä½ å¥½å¸…å“,çœ‹è¿‡,åŠ›è,2019-10-28 08:55:09,10,ä¸Šå¤´äº†ä¸€ä¸ªæœˆ
ç ´ç½å­,çœ‹è¿‡,2020-03-02 08:34:27, ,2,çœ‹è¯„è®ºè¯´æ˜¯tv1-5 é‚£å°±ç›´æŽ¥æ ‡äº†å˜»å˜»
æ˜Ÿé™…æ—…è¡Œä¸­å‹¿æ‰°,çœ‹è¿‡,åŠ›è,2020-03-08 14:20:31,0,å¥½ç¬‘åˆçƒ­è¡€ï¼Œåˆºæ¿€åˆæ¸©æƒ…ï¼ŒæŽ¨èä¸€çœ‹å“¦ã€‚
Wilson,çœ‹è¿‡,2020-03-06 17:39:58, ,0,åªæ˜¯två‰å‡ é›†æ”¾ä¸€èµ·è€Œå·²ã€‚ç­‰ç¬¬äºŒå­£
Cherian,çœ‹è¿‡,åŠ›è,2020-03-06 16:57:41,1,åŠ¨ç”»é›†ç»“ä¹Ÿç»™5åˆ† çŒŽäººOVAä¹Ÿæ˜¯è¿žè½½çš„é‡å¤æˆ‘éƒ½çœ‹äº†ä¸‰éã€‚ã€‚
Yahto,çœ‹è¿‡,æŽ¨è,2020-03-02 03:18:01,15,7.0/10ï¼Œå…„å¦¹çš„ç¾ç»Šï¼ŒTVç‰ˆå‰äº”é›†åˆé›†ã€‚
å¬æµ·äº¦æ­Œ,çœ‹è¿‡,åŠ›è,2020-03-07 12:57:53,0,TVå‰5é›†ï¼Ÿ
å‡‰å§‘å°è‚šç“œè¥¿è¥¿,çœ‹è¿‡,åŠ›è,2020-03-06 20:01:00,0,çªç„¶ä¸Šå®žæ—¶çƒ­é—¨äº†é‚£å°±æ¥æ‰“ä¸ªåˆ†å§...
èåœ,çœ‹è¿‡,æŽ¨è,2019-12-23 08:48:23,16,ä¸ªäººè§‰å¾—å‰äº”é›†æ¯”è¾ƒå¥½çœ‹ï¼Œæ„Ÿè§‰ä½œè€…æœ‰ä»”ç»†çš„æ€è€ƒè¿‡ã€‚åŽæœŸæœ‰ç‚¹èµ¶ï¼Œæ•…äº‹ç¼–çš„ä¸æ˜¯å¾ˆå¥½
å°ç¨‹åŒå­¦,çœ‹è¿‡,è¾ƒå·®,2020-03-03 10:02:33,1,æˆ‘ç§°è¿™ç§ä¸ºå‰ªæžç‰ˆ
æ¢¦æƒ³å®¶æ³¢è¿ªSs,çœ‹è¿‡,åŠ›è,2020-03-06 23:00:15,1,å‰§åœºç‰ˆé›†åˆçš„åŠ¨æ¼«å‰äº”é›†
æ—©æ˜¥å…¥æ³¥,çœ‹è¿‡,åŠ›è,2020-03-02 22:56:31,0,två‰äº”é›†ï¼Ÿ
é¢œè½å¯’,çœ‹è¿‡,æŽ¨è,2020-03-03 10:23:50,8,å¬è¯´åªæ˜¯TVå‰äº”é›†ï¼Œå¤§å®¶å¤§å¯ä¸å¿…å¹å¾—å¤ªåŽ‰å®³ðŸ˜‚
ä»Šå¤•ä½•å¤•,çœ‹è¿‡,åŠ›è,2020-03-03 01:55:51,0,ç­‰äº†è¿™ä¹ˆä¹… ç«Ÿç„¶æ˜¯å‰äº”é›†tv æžœç„¶è´¨é‡é«˜å°±æ˜¯ä¸ºæ‰€æ¬²ä¸º æ±‚æ±‚ä½ èµ¶å¿«å‡ºå‰§åœºç‰ˆ æ— é™åˆ—è½¦ç­‰ä¸åŠäº†
Mrx,çœ‹è¿‡,æŽ¨è,2020-01-23 09:17:39,10,ä¸ºä»€ä¹ˆè¦å–TVç•ªå‰äº”é›†ç«‹ä¸€ä¸ªè¯æ¡ï¼Œä½†è¿™ä¸ªå¼€å¤´æˆ‘å–œæ¬¢ã€‚
å†·æ¯…,çœ‹è¿‡,åŠ›è,2020-03-02 18:25:14,1,æ— é™åˆ—è½¦ï¼ã§ã¯ãªãâ€¦é‚£äº”æ˜Ÿæ„æ€ä¸‹ã€‚
æ¡ƒå¤­,çœ‹è¿‡,æŽ¨è,2020-03-08 17:31:53,2,ç™½é«˜å…´ä¸€åœºï¼Œè¿˜ä»¥ä¸ºæ˜¯å‰§åœºç‰ˆçš„å‡ºæ¥äº†ï¼Œä½†åœ¨çœ‹ä¸€éä¾ç„¶å–œæ¬¢ï¼Œåªæ˜¯ä¸çŸ¥é“ä»€ä¹ˆæ—¶å€™èƒ½çœ‹åˆ°çœŸæ­£çš„å‰§ç‰ˆ
"Hey,Me.",çœ‹è¿‡,è¿˜è¡Œ,2020-03-06 09:21:23,0,å‰äº”é›†æ²¡å•¥å¥½çœ‹çš„ã€‚
æ˜¥æš–èŠ±å¼€,çœ‹è¿‡,åŠ›è,2020-03-02 23:27:12,0,å®Œæ•´çš„ä¸–ç•Œè§‚ï¼Œä¸å´©å¡Œçš„äººç‰©è®¾å®šï¼Œè¿‘å¹´æ¥å€¼å¾—ä¸€çœ‹çš„åŠ¨æ¼«
é‡Žå¯ºçš„æ¯å¤©,çœ‹è¿‡,è¿˜è¡Œ,2020-03-06 15:24:37,0,çœ‹è¿‡åŠ¨ç”»ä¸ç”¨çœ‹è¿™ä¸ª
Gintama,çœ‹è¿‡,2020-03-06 12:31:31, ,0,ã€‚ã€‚ã€‚ä¸æ˜¯æ–°å†…å®¹
äº‘åŸŽ,çœ‹è¿‡,æŽ¨è,2020-03-07 23:04:06,0,åŽŸæ¥æ˜¯åˆé›†ï¼Œä»¥ä¸ºæ˜¯å‰§åœºç‰ˆ
ä¸¶æ™“ç¾Žç„°,çœ‹è¿‡,å¾ˆå·®,2020-03-06 17:30:52,22,åŠ¨ç”»è´¨é‡ä¸é”™ï¼Œå¯æƒœç²‰ä¸å¤ªåš£å¼ ï¼Œè¸©å…¶ä»–åŠ¨æ¼«è¸©å¤ªåŽ‰å®³ï¼Œè¸©æµ·è´¼ï¼Œè¸©ç«å½±ï¼Œè¿‡ä¸€æ®µæ—¶é—´æ€•æ˜¯è¦è¸©ä¸ƒé¾™ç äº†
Bloom,çœ‹è¿‡,æŽ¨è,2020-03-07 22:09:41,1,çƒ­è¡€åŠ¨æ¼«éƒ½æ˜¯éœ€è¦é å¼çš„
yuriyuri,çœ‹è¿‡,è¾ƒå·®,2020-03-02 11:24:54,1,çŸ®å­é‡Œé¢æ‹”å°†å†›
æœ¨Â·å­é±¼,çœ‹è¿‡,æŽ¨è,2020-03-02 10:47:04,1,å‰å‡ é›†å¥½çœ‹ï¼
Versi,çœ‹è¿‡,åŠ›è,2020-03-02 21:00:17,0,å¤ªå°‘äº†ï¼Œç»§ç»­çœ‹æ¼«ç”»å§
å¤å°èŒ,çœ‹è¿‡,åŠ›è,2020-03-08 16:26:11,0,æ¸©æƒ…ç¾ç»Šä¸Žè§†è§‰æ•ˆæžœåœ¨æœ€åŽå‡ é›†å¾—åˆ°äº†æ·‹æ¼“å°½è‡´çš„ä½“çŽ°ã€‚æ— è®ºæ˜¯å¿ƒçµè¿˜æ˜¯æ„Ÿå®˜ä¸Šéƒ½å¾—åˆ°äº†æ»¡è¶³ï¼ŒæœŸå¾…ç¬¬äºŒå­£ã€‚å¿«ä¸Šå§ã€‚
N,çœ‹è¿‡,åŠ›è,2020-03-08 12:25:56,0,ä¹Ÿå¤ªæ£’äº†å§ï¼ï¼ï¼äººç”Ÿè§‚å±…ç„¶è¢«ä¸€éƒ¨ç•ªå‰§å‡åŽäº†ï¼ï¼ï¼ä¸ºè¿™å±…ç„¶å†²äº†bç«™å¤§ä¼šå‘˜ï¼ï¼ï¼ä»€ä¹ˆæ—¶å€™å‡ºç¬¬äºŒå­£å•Šå•Šå•Šå•Šå•Šå•Šï¼ï¼ï¼ï¼
Sweet potato,çœ‹è¿‡,åŠ›è,2020-03-07 00:37:22,0,æµçŸ³ã™ãŽã‚‹ï¼
Huikeigo,çœ‹è¿‡,åŠ›è,2020-03-02 15:43:25,0,å“æ­»äº† åŽŸæ¥æ˜¯ç‚’å†·é¥­ï¼ˆç‹—å¤´ï¼‰
ä¼¼æ›¾,çœ‹è¿‡,æŽ¨è,2020-03-08 13:49:05,0,å…ˆè¡Œæ”¾é€
fascination,çœ‹è¿‡,åŠ›è,2020-03-03 23:08:39,0,é‚£å¯ä»¥ç›´æŽ¥æ ‡çœ‹è¿‡äº†ã€‚
Allen,çœ‹è¿‡,è¿˜è¡Œ,2020-03-05 14:26:31,0,ä½ å‡ºä»€ä¹ˆåˆé›†å•Š
Taylor13Swift,çœ‹è¿‡,åŠ›è,2020-03-03 17:03:18,0,äº”æ˜Ÿæ²¡å•¥è¯´çš„
ä¸­äºŒç—…å°äº¿,çœ‹è¿‡,åŠ›è,2020-03-03 02:38:44,0,æˆ‘å–œæ¬¢çš„åŠ¨æ¼«å¿…é¡»äº”æ˜Ÿ
vanzee,çœ‹è¿‡,åŠ›è,2020-03-06 15:56:23,0,æˆ‘è¦çœ‹ç«è½¦ï¼
èŸ¾å®«ç§‹æ°´,çœ‹è¿‡,åŠ›è,2020-03-07 20:39:42,1,æœ‰ç‚¹åƒçŠ¬å¤œå‰ï¼Œå¤§æ¦‚æ˜¯çŠ¬ä¹‹åŽå¥½ä¹…æ²¡è¿™ä¸ªç±»åž‹çš„åŠ¨ç”»ç‰‡äº†å§ï¼Œå¾ˆå–œæ¬¢
N1chols,çœ‹è¿‡,åŠ›è,2020-03-02 13:29:31,1,å‰äº”é›†ä¹Ÿå¿…é¡»æ˜¯æ»¡åˆ†ðŸ’¯
åŽå¤©,çœ‹è¿‡,æŽ¨è,2020-03-02 15:29:15,1,19å¹´éœ¸æƒï¼
çŸ¥æ›´é¸Ÿé¥²å…»å‘˜,çœ‹è¿‡,åŠ›è,2020-03-03 00:09:08,0,å“ˆå“ˆå“ˆå“ˆå“ˆå“ˆå“ˆå“ˆæ·¦è¿™ä¸ªæˆ‘åœ¨ç”µå½±é™¢çœ‹çš„> <
Rokutousei,çœ‹è¿‡,æŽ¨è,2020-03-08 23:47:36,0,æ— é™åˆ—è½¦ä»€ä¹ˆæ—¶å€™æ¥ï¼
ä¸œè¥¿å—åŒ—è·¯,çœ‹è¿‡,è¿˜è¡Œ,2020-03-06 09:09:09,0,åŽŸæ¥å°±æ˜¯ä¸ªåˆé›†ã€‚ã€‚
èµ¤é“åŒ—æž,çœ‹è¿‡,æŽ¨è,2020-03-07 07:54:11,0,ç”¨å¿ƒä¹‹ä½œ
å†¬æš®å›,çœ‹è¿‡,æŽ¨è,2020-03-03 22:28:04,0,çœŸçš„è¿˜åŽŸæ¼«ç”»è¿˜åŽŸçš„å¾ˆæ£’ï¼
ï¼Œ,çœ‹è¿‡,æŽ¨è,2020-03-02 07:35:36,1,å¬è¯´æ˜¯TVå‰äº”é›†ï¼Œé‚£å°±ç›´æŽ¥æ ‡è®°æƒ¹
æ–¹æ°ä¿®è¿œç”«,çœ‹è¿‡,æŽ¨è,2020-03-08 18:56:16,0,æ¼«é•¿çš„å‰å¥
Aceâ€˜,çœ‹è¿‡,æŽ¨è,2020-03-08 03:16:48,0,ðŸ‚ðŸº
çŽ‹å¦ˆå¦ˆ,çœ‹è¿‡,æŽ¨è,2020-03-07 18:48:06,0,æ€»é›†
Tommy,çœ‹è¿‡,åŠ›è,2020-03-08 23:10:10,0,å¦‚æžœæ˜¯å‰5é›†çš„è¯ï¼Œé‚£å°±æ˜¯çœ‹è¿‡äº†ã€‚
å°¤è‹±æ°,çœ‹è¿‡,åŠ›è,2020-03-02 10:29:38,0,æœŸå¾…åŽç»­
ä¸€èˆ¬çš„ç²‰çº¢ç±³é¥­,çœ‹è¿‡,åŠ›è,2020-03-03 13:32:12,0,æ˜¯çœŸçš„å¥½çœ‹ï¼Œé‡ç‡ƒäº†æˆ‘å¯¹æ—¥æœ¬åŠ¨æ¼«çš„æ¿€æƒ…
çº¢æ™¯å¤©,çœ‹è¿‡,æŽ¨è,2020-03-02 18:19:16,0,æ— é™åˆ—è½¦å‘¢ï¼Ÿæ— é™åˆ—è½¦å‘¢ï¼Ÿæ— é™åˆ—è½¦å‘¢ï¼Ÿè™½ç„¶è¿™æ˜¯ä¸ªæ€»é›†ç¯‡ï¼Œä½†è¿˜æ˜¯è¦æ‰“é«˜åˆ†ä¸æ˜¯ä¹ˆâ€¦â€¦
æ‹œæ‹œ æ‹œ,çœ‹è¿‡,æŽ¨è,2020-03-06 17:27:55,0,ä¸è¯´äº†ï¼šï¼‰å¥½çœ‹ï¼šï¼‰
å¿µæœå¤•,çœ‹è¿‡,æŽ¨è,2020-03-06 06:10:09,0,åˆé›†å·®è¯„ï¼Œåç­‰ç¬¬äºŒå­£
ç»†é›¨è’™è’™,çœ‹è¿‡,åŠ›è,2020-03-06 23:08:23,0,ç‡ƒ
å£èŠ±å°‘å¹´ã€,çœ‹è¿‡,å¾ˆå·®,2020-03-02 12:29:01,4,è¿™å‰é¢çš„å‰§æƒ…æ°´å‡†å“ªæ¥çš„9åˆ†ï¼Ÿç”»é¢ååˆ†ï¼Œå‰§æƒ…4åˆ†ï¼Œç»¼åˆä¸ƒåˆ†ã€‚
æœˆçŠ,çœ‹è¿‡,åŠ›è,2020-03-08 16:50:16,0,ç‰¹æ•ˆè€³ç›®ä¸€æ–°ï¼Œçœ‹å®ŒåŽå¼€å§‹è¿½æ¼«ç”»äº†
ä¸åº¦,çœ‹è¿‡,æŽ¨è,2020-03-07 14:49:28,0,ä½•æ—¶å‡ºç¬¬äºŒå­£å‘€ï¼Œç­‰æ­»äº†
KingShown,çœ‹è¿‡,å¾ˆå·®,2020-03-09 17:52:22,0,èŠ‚å¥å¤ªæ…¢
æ˜Žå“²å›,çœ‹è¿‡,åŠ›è,2020-03-02 19:53:15,0,ç‰›é€¼å•Šï¼Œè¿™ä¹ˆç®—è¿˜èƒ½å†å‡ºå››ä¸ªæ€»é›†ç‰ˆ
KG,çœ‹è¿‡,æŽ¨è,2020-03-03 13:59:29,0,é¬¼ç­TVå‰äº”é›†æ•´åˆç‰ˆ....
è¿œè¡Œçš„çŒ«,çœ‹è¿‡,åŠ›è,2020-03-03 09:01:55,0,æˆ‘æœ€å–œæ¬¢çš„åŠ¨æ¼«ã€‚
ä¼‘äº†ä¸ªæ­¢,çœ‹è¿‡,æŽ¨è,2020-03-04 02:51:21,0,åˆ¶ä½œä¸€æµï¼Œå‰§æƒ…æ¾æ•£
å¨„ç¦»æ³¥,çœ‹è¿‡,åŠ›è,2020-03-03 22:15:54,0,æˆ‘å¸Œæœ›åŠ¨ç”»èƒ½æŠŠæ¼«ç”»ä»Žå¤´å‡ºåˆ°å°¾ï¼Œå‰§åœºç‰ˆæ¥æ¥æ¥ï¼Œå‡ºäº†æ— é™åˆ—è½¦è¯·å°½æƒ…å‘æŒ¥ æˆ‘çˆ±æ‰€æœ‰é¬¼æ€é˜Ÿé˜Ÿå‘˜!
ç¡•çˆ·,çœ‹è¿‡,åŠ›è,2020-03-05 06:50:02,0,è™½ç„¶åªæ˜¯å’Œç•ªå‰§ç‰ˆé›†é”¦ï¼Œä½†è¿™ä¸ªç³»åˆ—ä¸æ»¡åˆ†ï¼Œè¿˜æƒ³æ€Žæ ·ï½ž
çŸ›è€å¸ˆæœ¬çŸ›,çœ‹è¿‡,æŽ¨è,2020-03-02 20:08:23,2,è¿™ä¸å°±æ˜¯ç¬¬ä¸€é›†å˜›â€¦
æ¨ªé“ä¸–ä¹‹ä»‹,çœ‹è¿‡,åŠ›è,2020-03-03 21:12:52,0,ç¬¬äºŒå­£å¿«æ¥å§ï¼
ç»¯æ‘å‰‘å¿ƒ,çœ‹è¿‡,è¾ƒå·®,2020-03-02 11:18:37,0,ä»€ä¹ˆæ„æ€ï¼Œéª—äººåˆ·åˆ†è¿˜æ˜¯åœˆé’±ï¼Ÿ
bible,çœ‹è¿‡,åŠ›è,2020-03-07 00:05:31,0,åªè¦ä½ ä¹Ÿå–œæ¬¢é¬¼ç­ä¹‹åˆƒï¼Œæˆ‘ä»¬å°±æ˜¯å¼‚çˆ¶å¼‚æ¯çš„äº²å…„å¼Ÿ
Zc,çœ‹è¿‡,åŠ›è,2020-03-07 07:12:57,0,åŠ¨ç”»ç‰ˆå‰äº”é›†
å¤©ä¸Šäººé—´,çœ‹è¿‡,æŽ¨è,2020-03-08 14:00:12,0,å¥½å“¥å“¥
æœ‰æ¢¦æƒ³çš„å’¸é±¼,çœ‹è¿‡,æŽ¨è,2020-03-06 17:31:25,0,çŒªçªçŒ›è¿›å“ˆå“ˆå“ˆå“ˆå“ˆå“ˆ
åˆé›ª,çœ‹è¿‡,æŽ¨è,2020-03-06 21:06:12,0,è¿˜ä¸é”™çš„çƒ­è¡€ç•ªå§ æˆé•¿åž‹ç”·ä¸» æ²¡æœ‰é‡‘æ‰‹æŒ‡ çº¯ç²¹é è‡ªå·±åŽå¤©åŠªåŠ›å˜å¼º æ¯ä¸€åœºæˆ˜æ–—éƒ½èµ¢çš„å¥½è‰°éš¾ åæ´¾ä¹Ÿå¤ªæžç¬‘äº†è‡ªå·±å‡ºæ‰‹æŠŠä¸‹å¼¦å‡ ä¹Žå…¨å¼„æ­»äº†â€¦â€¦
dnydlyn,çœ‹è¿‡,åŠ›è,2020-03-07 00:34:53,0,æ—¥æœ¬çš„åŠ¨æ¼«åšçš„æ˜¯çœŸçš„å¾ˆå¥½ï¼Œå¾ˆå–œæ¬¢æ—¥æœ¬çš„å£°ä¼˜ã€‚å¾ˆä¹…æ²¡çœ‹æ—¥æ¼«äº†ï¼Œè¿™éƒ¨åŠ¨æ¼«çœŸçš„å¾ˆè®©æˆ‘æƒŠå–œï¼Œæ—¢çƒ­è¡€åˆæ¸©æŸ”ï¼Œæ—¥æœ¬åŠ¨æ¼«å¾ˆä¼šäººç‰©æ„Ÿæƒ…çš„æ¸²æŸ“ï¼Œåˆ¶ä½œç²¾è‰¯ã€‚
åº§ä½ä¸Šçš„é’ˆ,çœ‹è¿‡,åŠ›è,2020-03-02 20:11:15,1,å°±æ˜¯å‰é¢å‡ é›†å†…å®¹ï¼Œæ—¥æœ¬åŠ¨æ¼«ä¸€è´¯ä½œé£Ž
å—¨ã€,çœ‹è¿‡,åŠ›è,2020-03-08 00:22:02,0,â€¦â€¦â€¦â€¦
kyoko,çœ‹è¿‡,åŠ›è,2020-03-10 21:31:28,0,å‘¼å¸å¾ˆé‡è¦
éƒ¡å›,çœ‹è¿‡,åŠ›è,2020-03-06 19:30:16,0,èˆžå°æ˜¯å¤§æ­£æ—¥æœ¬ã€‚å–æœ¨ç‚­çš„å¿ƒåœ°å–„è‰¯çš„å°‘å¹´ç‚­æ²»éƒŽçš„æ—¥å¸¸ç”Ÿæ´»å› å®¶äººè¢«é­”é¬¼æ€å®³è€Œå½»åº•æ”¹å˜ã€‚ä¸ºäº†å¸®åŠ©å”¯ä¸€å¹¸å­˜ä¸‹æ¥çš„å´å˜æˆå‡¶æ¶é¬¼çš„å¦¹å¦¹éš…è±†å­æ¢å¤å¦‚åˆï¼Œç‚­æ²»éƒŽè¸ä¸Šäº†ä¸ºè®¨ä¼æ€å®³å®¶äººçš„é¬¼çš„æ—…é€”â€¦â€¦
é¡¾å°å±±,çœ‹è¿‡,è¿˜è¡Œ,2020-03-02 11:48:51,2,"å¼€å¹•çš„æ•…äº‹èŠ‚å¥åƒç´§èµ¶ç€è¢«ç­é—¨ï¼Œ
é…ä¹ä¸Šä¹˜æœ‰è¾ƒå¤šå¿ƒç†åˆ»ç”»ï¼Œ
è‡³åŽé¢å˜å¾—é€æ¸å¥½äº›ï¼Œ
æ˜¯éƒ¨æ…¢çƒ­ç•ªå•¦ã€‚"
å°å—,çœ‹è¿‡,2020-03-02 15:53:57, ,0,ä¹–å·§çš„åç­‰æ— é™åˆ—è½¦
hhTron,çœ‹è¿‡,è¿˜è¡Œ,2020-03-07 12:21:41,0,æ€»é›†ç¯‡
åŒ—æžæ€ªå’–,çœ‹è¿‡,è¿˜è¡Œ,2020-03-08 00:35:39,0,çœŸçš„å¾ˆä¸€èˆ¬ï¼Œç‰¹åˆ«æ˜¯æœ‰äº›åœ°æ–¹éžå¸¸æƒ³è·³è¿‡ï¼Œæ•…æ„çš„æžç¬‘ï¼Œè¿‡åˆ†çš„è‡ªæˆ‘é¼“åŠ±ï¼Œä¸»è§’çœŸçš„å¤ªåœ£æ¯äº†ï¼Œè¿™ä¸ªå¹´ä»£è¿™æ ·çš„ä¸»è§’ï¼ŒçœŸçš„èƒ½èµ°ä¸‹åŽ»ï¼Ÿ
å—¯å“¼å¤§çŽ‹,çœ‹è¿‡,è¿˜è¡Œ,2020-03-06 08:21:10,0,ã€‚ã€‚ã€‚
ä¸è§ä¸˜å±±,çœ‹è¿‡,è¿˜è¡Œ,2020-03-06 14:41:35,0,å…‰æœ‰å‰äº”é›†çš„æ¡ç›®éƒ½èƒ½ä¸Šçƒ­é—¨......
æ´‹è‘±,çœ‹è¿‡,åŠ›è,2020-01-16 18:38:57,1,æ¸å…¥ä½³å¢ƒ
FOU,çœ‹è¿‡,æŽ¨è,2020-03-07 19:32:55,0,å¤ä»‡ç³»åˆ—
æŽä¸‰å”ðŸ·,çœ‹è¿‡,åŠ›è,2020-03-03 15:13:44,0,å–œæ¬¢å–œæ¬¢
å•ç§¯æž,çœ‹è¿‡,åŠ›è,2020-03-10 14:18:56,0,ç®€ç›´è®©ä¿ºåˆç‡ƒåˆæ³ª
é»‘ç”œ,çœ‹è¿‡,åŠ›è,2020-03-09 00:02:54,0,æˆ‘å¤ªæ¸´æœ›åˆ—è½¦äº†ï¼Œå’‹è¿˜ä¸å‡ºå•Šï¼
ä¸€çŒ«çœ¼ç”¨æˆ·,çœ‹è¿‡,åŠ›è,2020-02-23 11:10:49,2,éª—å­
ç»«æ³¢ä¸½,çœ‹è¿‡,è¿˜è¡Œ,2020-03-08 15:53:53,0,è¿˜å¯ä»¥å§ï¼Œç¬¬äºŒå­£å¿«æ¥
ä½ è¯´å‘¢,çœ‹è¿‡,åŠ›è,2020-03-02 16:20:38,0,å…„å¼Ÿæƒ…æˆ‘ðŸ‰‘ï¼ï¼ï¼
å†·å†·ä¹‹åˆ,çœ‹è¿‡,åŠ›è,2020-03-07 20:18:48,0,è¶…çˆ±ï¼Œå–œæ¬¢ä¼±è±†å­ã€‚ç¬¬äºŒå­£ä»€ä¹ˆæ—¶å€™æ¥ã€‚
å°é¹é¹kway,çœ‹è¿‡,åŠ›è,2020-03-02 12:15:56,0,å¥½çœ‹
å¥ˆå¥ˆçŽ–å“©,çœ‹è¿‡,æŽ¨è,2020-03-02 14:04:56,0,çªç„¶å¤šäº†å¥½å¤šäººå“¦ï¼Œé‚£æˆ‘ä¹Ÿæ ‡è®°ä¸€ä¸‹ã€‚
ä¸­é€”åŠç«¯å°‚é–€å®¶,çœ‹è¿‡,æŽ¨è,2020-03-04 07:27:00,0,å‘œå‘œå‘œæ— é™åˆ—è½¦ä½ å¿«ä¸Šå•Šï¼æˆ‘éƒ½å¿«è¢«å‰§é€å®Œäº†ï¼ï¼ï¼
å¤©æ— ç¿¼é£Ž,çœ‹è¿‡,æŽ¨è,2020-03-09 08:56:31,0,TVç‰ˆçš„å‰äº”é›†ï¼Œæ•…äº‹çš„èµ·ç‚¹å¤¹æ‚ç€ä¸»è§’çš„æ¸©æƒ…æ¼”ç»Žï¼ŒèŠ‚å¥æ¯”è¾ƒç¼“æ…¢ï¼Œä¸èƒ½å’ŒåŽé¢æ¯”ï¼Œç”»é¢å€’æ˜¯çœŸä¸é”™
zHaiRON,çœ‹è¿‡,2020-03-02 18:28:52, ,0,å…´é«˜é‡‡çƒˆç‚¹å¼€ä»¥ä¸ºæ˜¯å‰§åœºç‰ˆï¼Œç»“æžœã€‚
s.,çœ‹è¿‡,åŠ›è,2020-03-04 12:00:10,0,åŠ›æŽ¨ï¼å¼ºæŽ¨ï¼çˆ±ï¼
æ½®æ²™,çœ‹è¿‡,æŽ¨è,2020-03-02 15:03:11,0,å‰äº”é›†å•Š
ç§‹æ°´,çœ‹è¿‡,åŠ›è,2020-03-08 20:26:44,0,å¹çˆ†é¬¼ç­ï¼Œæ²¡æœ‰è¿‘å‡ å¹´æµè¡Œçš„åªšå®…è£…é€¼é¾™å‚²å¤©ï¼Œå°±æ˜¯æœ€æœ€çƒ­è¡€çš„æˆ˜æ–—ï¼Œæœ€æœ€åŠ¨äººçš„ç¾ç»Šã€‚åˆ¶ä½œçœŸçš„å¾ˆå¼ºã€‚
åœ¨å¿ƒåŠ¨çš„ä¸­é—´.,çœ‹è¿‡,æŽ¨è,2020-03-06 09:23:02,0,å‰äº”é›†çš„å‰§æƒ…
åŽŸæ¥æ˜¯å¡å°º,çœ‹è¿‡,æŽ¨è,2020-03-02 08:45:43,0,æ¢ä¸ªæ–¹å¼æ¥æžä¹‹å‰æ²¡æœ‰è¿½ç•ªäººçš„é’±å§
æž«ç³–å”±ç‰‡å„¿,çœ‹è¿‡,åŠ›è,2020-03-04 18:33:46,0,æ”¾å±è¿½å››å¤§æ°‘å·¥åŽï¼Œæˆ‘è¿˜ä»¥ä¸ºè¿™æ ·çš„çƒ­è¡€å¿ƒæƒ…ä¸ä¼šåœ¨æˆ‘æœ‰äº†ã€‚éžå¸¸æ„Ÿè°¢é¬¼ç­
å…½å…½è¹²åœ¨å¤§é—¨å£,çœ‹è¿‡,åŠ›è,2020-03-02 17:05:41,0,è¯´æ˜¯tvç‰ˆ1-5é›†ï¼Œç›´æŽ¥æ ‡äº†
èŠ±ç”Ÿç±³,çœ‹è¿‡,è¿˜è¡Œ,2020-03-03 09:43:52,0,æœ¬ä»¥ä¸ºæ˜¯å‰§åœºç‰ˆï¼Œçœ‹è¯„è®ºè¯´æ˜¯å‰äº”é›†çš„åˆé›†ï¼Œé‚£å°±ç›´æŽ¥æ ‡è®°äº†
ZReeeeN,çœ‹è¿‡,è¿˜è¡Œ,2020-03-06 21:27:37,0,åˆé›†å°±ç®—å’¯
å·é¦™é…±éº¦ä¹é¸¡,çœ‹è¿‡,è¿˜è¡Œ,2020-03-06 09:20:36,0,"å°±æ˜¯TVç‰ˆå‰äº”é›†çš„åˆé›†å˜›â€¦â€¦
å‰§æƒ…çœŸæ­£å¼€å§‹æˆç†Ÿèµ·æ¥è¿˜æ˜¯èœ˜è››å±±é‚£ä¸€æ®µ"
å–ç‚­å°‘å¹´,çœ‹è¿‡,æŽ¨è,2020-03-08 22:32:36,0,çƒ­è¡€ç³»å¥½ä¹…ä¸è§
é—´ä»‹,çœ‹è¿‡,åŠ›è,2020-03-06 11:43:56,1,å››ä¸ªå­—ï¼éžå¸¸å¥½çœ‹ï¼
é»Žæ°´ç«‹é‡Œ,çœ‹è¿‡,åŠ›è,2020-03-06 15:28:16,0,åˆè¢«è±†ç“£é¨™äº†
åºžè´,çœ‹è¿‡,åŠ›è,2020-03-06 16:18:55,0,ä¸è¿‡æˆ‘ç…®äº†è¢‹é€Ÿé£Ÿé¢
æ˜¯è°çš„ä»Žå‰,çœ‹è¿‡,åŠ›è,2020-03-06 13:57:29,0,å¤ªå¥½çœ‹äº†ï¼æˆ‘çˆ±è±†å­ç¢³ç¢³å–„é€¸ä¸€åªçŒªå¿å§å§é¦™å¥ˆä¹Žè¿˜æœ‰æ‰€æœ‰æŸ±ï¼
å²æ´¾å…‹å…‹,çœ‹è¿‡,è¿˜è¡Œ,2020-03-08 23:55:51,0,å®³æˆ‘ä»¥ä¸ºå‰§åœºç‰ˆ
ON1YZZ,çœ‹è¿‡,æŽ¨è,2020-03-08 18:00:42,0,å¦‚æžœåªæ˜¯å‰äº”é›†ï¼Œæˆ‘ç»™4æ˜ŸåŠï¼ŒåŠ¨ç”»è´¨é‡å¾ˆé«˜ï¼Œè¿™ç§åœˆé’±æœ‰ç‚¹ä¸å¥½ã€‚
å±å±å±è¾½,çœ‹è¿‡,åŠ›è,2020-03-03 23:27:14,0,äº”æ˜Ÿäº”æ˜Ÿï¼ŒæœŸå¾…åŽç»­åŠ¨æ¼«ï¼Œgkdé¸­
å¯çˆ±çš„å¾å¤šå®,çœ‹è¿‡,åŠ›è,2020-03-08 14:40:15,0,ï¼Ÿï¼Ÿï¼Ÿ
VerySix,çœ‹è¿‡,åŠ›è,2020-03-02 14:55:13,0,TAAANJIROOOï¼ï¼ï¼
å•¦å•¦å•¦å¾·çŽ›è¥¿äºš,çœ‹è¿‡,æŽ¨è,2020-03-06 18:43:02,0,åŽŸæ¥â€¦â€¦
æ˜Žæ´²æ¸”,çœ‹è¿‡,åŠ›è,2020-03-06 15:44:27,0,ç­‰
æ‹“å°äº‘,çœ‹è¿‡,åŠ›è,2020-03-08 11:49:38,0,ç­‰ç€ï¼Œæ— é™åˆ—è½¦
è‹æŸ“,çœ‹è¿‡,åŠ›è,2020-03-02 11:35:42,0,æˆ‘TMå¹çˆ†
æ­»ç¥žä¸¿ç¬é»„æ³‰,çœ‹è¿‡,åŠ›è,2020-03-08 02:40:20,0,å¯ä»¥ï¼Œçƒ­è¡€ï¼
æ˜Žå¤©ml,çœ‹è¿‡,è¿˜è¡Œ,2020-03-03 10:55:40,0,æˆ‘ä»¥ä¸ºæ˜¯ç”µå½±â€¦
Zemaro,çœ‹è¿‡,2020-03-06 12:17:22, ,0,è¿™ä¸å°±æ˜¯tvç‰ˆåˆé›†å—ï¼Ÿ
è½»å¯’æš®é›ª0110,çœ‹è¿‡,æŽ¨è,2020-03-03 17:00:49,0,è¿˜ä»¥ä¸ºæ˜¯å‰§åœºç‰ˆï¼Œç»“æžœæ˜¯tvçš„ï¼Œä½†æ˜¯è¿˜ä¸é”™ã€‚
Timberiver,çœ‹è¿‡,åŠ›è,2020-03-08 11:40:50,0,å†²ä¸Šçƒ­æœè¿˜ä»¥ä¸ºæœ‰æ–°çš„å¯çœ‹äº†ï¼å•Šå•Šå•Šå•Šå•Šå•Šå•Šå¥½éš¾ç­‰å•Šï¼ï¼ï¼ï¼ï¼ï¼ï¼ï¼
æ›²ç¬™æ¼«,çœ‹è¿‡,æŽ¨è,2020-03-08 22:42:14,0,è¿˜ä¸é”™å§ã€‚å‰é¢æ¯”è¾ƒå¥½çœ‹ï¼ŒåŽé¢æ„Ÿè§‰å‰§æƒ…å¼€å§‹æœ‰ç‚¹èµ¶äº†ã€‚
çŽ„é»„å¤©,çœ‹è¿‡,åŠ›è,2020-03-03 15:27:48,0,é‚£ç§çˆ± æ…•äº†
NANAY,çœ‹è¿‡,åŠ›è,2020-03-02 23:11:13,0,çº³å°¼ï¼Ÿ
æ¨è,çœ‹è¿‡,åŠ›è,2020-03-06 23:36:05,0,å¥½çœ‹å¥½çœ‹ï¼Œå‰å‡ é›†å¾ˆå–œæ¬¢
Patswifty,çœ‹è¿‡,åŠ›è,2020-03-02 10:58:25,1,åŠ¨ç”»å‰äº”é›†ï¼Ÿæ ‡ä¸Šï¼
æœå°‘å¿,çœ‹è¿‡,æŽ¨è,2020-03-07 00:07:51,0,åˆé›†æžæ¯›
ðŸ‚å·²æ³¨é”€ðŸ,çœ‹è¿‡,åŠ›è,2020-03-02 14:19:57,0,è¶Šæ¥è¶Šå‘è§‰è¿™éƒ¨ç‰‡ï¼Œè®²çš„æ˜¯é‡‘æœ¨æ°´ç«åœŸçš„æ•…äº‹ï¼Œè€Œæ°´ä¸ºäº”è„ä¹‹æ¯
_______æ›‰â‘©,çœ‹è¿‡,åŠ›è,2020-03-07 05:27:58,0,ä¸çŸ¥é“ä¸ºä»€ä¹ˆä¼šåœ¨ç¬¬ä¸€ï¼Œçœ‹åˆ°é¡ºæ‰‹æ ‡è®°ã€‚
  Jason.é™ˆ,çœ‹è¿‡,åŠ›è,2020-02-11 12:49:42,2,ä¸€å£æ°”çœ‹å®Œï¼Œå¾ˆç‡ƒï¼Œæœ‰å‡ é›†æœ‰æ³ªç‚¹
ä¸€åªæœ‰æ¯’çš„å°‘å¥³,çœ‹è¿‡,è¿˜è¡Œ,2020-03-08 11:58:45,0,æŒºå¥½çœ‹çš„ï¼Œä½†æˆ‘ä¸æ˜¯ä¸€å£æ°”çœ‹å®Œçš„ï¼Œæ–­æ–­ç»­ç»­ï¼Œæ¯å¤©éƒ½è¦ç§¯æ”’å‹‡æ°”çœ‹ã€‚å› ä¸ºè¿˜æ˜¯å……æ–¥ç€æ‚²å“€çš„ï¼Œä¸æ˜¯å•çº¯çš„çƒ­è¡€ï¼Œ
éƒ‘è€ä½›çˆ·,çœ‹è¿‡,åŠ›è,2020-03-07 17:25:33,0,å¥½çœ‹ï¼ŒåŠ¨æ¼«æ¯”æ¼«ç”»å¥½çœ‹ï¼Œçƒ­è¡€åŠ¨æ¼«èµ›é«˜
Xiiiing,çœ‹è¿‡,åŠ›è,2020-03-06 21:16:19,0,å…„å¦¹çš„ç¾ç»Šè¿™ä¸ªåå­—å®ƒä¸é¦™å—ï¼Œæ‰‹åŠ¨ç‹—å¤´å—¯å—¯å—¯
å¹¼è±¸,çœ‹è¿‡,è¾ƒå·®,2020-03-08 00:18:10,0,é¬¼ç­ä¹‹åˆƒå‰å‡ é›†ç¡®å®žéš¾çœ‹å—·
éŠå¤ª,çœ‹è¿‡,è¿˜è¡Œ,2020-03-02 15:58:02,0,æ°é¥­æ°é¥­
è±†ç“£é…±,çœ‹è¿‡,åŠ›è,2020-03-02 12:37:00,0,åŽŸæ¥æ˜¯1-5é›†ï¼Œä¸è¿‡è¿˜æ˜¯äº”æ˜Ÿï¼
è‰æœ¨èŠ³è²,çœ‹è¿‡,æŽ¨è,2020-03-06 12:01:37,1,æŽ¨è
é›ªè¯º,çœ‹è¿‡,åŠ›è,2020-02-13 21:09:12,0,å‰§åœºç‰ˆå‰5è¯å§
ç¥žåœ£è®¡åˆ’,çœ‹è¿‡,åŠ›è,2020-03-08 10:31:06,0,âœŠðŸ»âœŠðŸ»âœŠðŸ»âœŠðŸ»
æ— åæ— å§“ï¼Œ,çœ‹è¿‡,åŠ›è,2020-03-02 18:56:28,0,è¿‘å‡ å¹´æˆ‘è®¤ä¸ºæœ€å¥½çœ‹çš„çƒ­è¡€åŠ¨æ¼«ï¼Œå¤ªçˆ±äº†ã€‚äººç‰©å½¢è±¡ç”»çš„ä¹Ÿå¯ï¼ï¼ï¼ï¼
é•¿ç™½å±±ä¸‹ä¸€å°é“,çœ‹è¿‡,åŠ›è,2020-03-03 22:55:37,0,zanï¼ðŸ‰‘ï¸
ah.kou!,çœ‹è¿‡,åŠ›è,2020-03-07 20:28:51,0,è¶…èµž
åœ†å­,çœ‹è¿‡,åŠ›è,2020-03-06 13:12:54,0,æ²¡æœ‰çŸ­æ¿ï¼ï¼ï¼
è¦ä¸å†çœ‹çœ‹,çœ‹è¿‡,åŠ›è,2020-03-02 12:35:50,0,å¼ºæŽ¨ï¼æ²¡çœ‹çš„éƒ½åŽ»çœ‹å•Šï¼çœŸçš„å¥½å¥½çœ‹
åˆå¿ƒ,çœ‹è¿‡,åŠ›è,2020-03-03 10:05:40,0,å¥½çœ‹
KikiChu,çœ‹è¿‡,åŠ›è,2020-03-08 01:22:58,0,ç«Ÿç„¶æ²¡ç»™è¿™éƒ¨æ‰“è¿‡åˆ†ï¼
å®‡å®å®é”µé”µé”µé”µ,çœ‹è¿‡,åŠ›è,2020-03-07 09:50:37,0,çœŸçš„å¥½çœ‹
Aquariusã€C,çœ‹è¿‡,åŠ›è,2020-03-06 20:35:52,0,çŒªæ²¹éª¨ï¼Œæ‹¿æ¥å¤ï¼Œä½ åˆå¿˜æ´—è›‹ã€‚ä¸è¿‡æˆ‘ï¼Œç…®äº†è¢‹ï¼Œé€Ÿé£Ÿé¢ï¼
æµ·å¸‚,çœ‹è¿‡,åŠ›è,2020-03-07 15:40:42,0,å¾ˆå¤šå¹´ä¸è¿½ç•ªäº†ï¼Œå› ä¸ºæ–°å† åˆè¿½äº†ï¼ŒæŒºæ€€æ—§
åˆ˜å¥½æµª,çœ‹è¿‡,åŠ›è,2020-03-06 18:07:46,0,"ç­‰äº†è¿™ä¹ˆä¹…åŽŸæ¥æ˜¯TVç‰ˆçš„å‰äº”é›†
è¿™ä¹ˆè‰¯å¿ƒå¥½çœ‹çš„ä»½ä¸Š
ç»™ä¸ªæ»¡åˆ†å§
ðŸ’¯"
è€½ç¾Žçƒå›,çœ‹è¿‡,æŽ¨è,2020-03-03 21:08:47,0,å””â€¦ä¸­è§„ä¸­çŸ©è¿˜ä¸é”™
ISÂ·yÂ·ssica,çœ‹è¿‡,åŠ›è,2020-03-02 19:42:13,0,åˆç‡ƒåˆæ²»æ„ˆï¼Œç”·ä¸»ä¸æ˜¯åœ£æ¯ï¼Œæ˜¯çœŸæ­£çš„æ¸©æŸ”æ…ˆæ‚²ä¹‹äººï¼Œçˆ±äº†
yellowåä¸€,çœ‹è¿‡,åŠ›è,2020-03-03 17:30:35,0,é¬¼æ€é˜Ÿæœ€é«˜ï¼ï¼
Amelia,çœ‹è¿‡,åŠ›è,2020-03-04 03:50:39,0,å‰äº”é›†ï¼Ÿé‚£æˆ‘çœ‹è¿‡
åˆ€é©¬æ—¦,çœ‹è¿‡,2020-03-02 15:00:31, ,0,tvç‰ˆå‰äº”é›†çš„é›†åˆ?ä¸Šæ˜ æ—¶é—´2019.3.29?ä»€ä¹ˆæ“ä½œðŸ˜‚å¿«ç‚¹è€è€å®žå®žåœ°å‡ºæ— çº¿åˆ—è½¦
æ€ªå…½è€å­,çœ‹è¿‡,æŽ¨è,2020-03-06 09:42:45,0,å‰§æƒ…è¶…èµž
è¿½å¿µåŽ†å²,çœ‹è¿‡,åŠ›è,2020-03-07 18:58:46,0,äº”æ˜Ÿï¼Œä¸è§£é‡Š
Gnomeshgh,çœ‹è¿‡,åŠ›è,2020-03-03 02:17:41,0,å·¨ï¼å¥½ï¼çœ‹ï¼
å“’å“’,çœ‹è¿‡,åŠ›è,2020-03-02 14:42:57,0,éŸ³ä¹ä¸€èµ· æ··èº«å‘éº»å•Š
é’ç©º,çœ‹è¿‡,æŽ¨è,2020-03-07 19:40:01,0,"è¶…ç´šæƒ³çœ‹å•Šå•Šå•Šå•Š
æ„Ÿè§‰æœ‰è¢«æ¬ºéª—åˆ° ç«Ÿç„¶æ˜¯TV1~5è¯â€¦â€¦
å¤ªå¥‡æ€ªäº† è¿™æ ·ä¹Ÿèƒ½ä¸Šçƒ­é—¨â€¦â€¦"
ç¡è‹¯åœ°å¹³,çœ‹è¿‡,æŽ¨è,2020-03-06 16:39:57,0,æ®è¯´è¿™ä¸ªæ˜¯TVç‰ˆå‰äº”é›†ï¼Œé‚£æˆ‘åšä¸ªæ ‡è®°ã€‚
å‘¨è€Œä¸æ¯”,çœ‹è¿‡,åŠ›è,2020-03-07 17:27:43,1,æˆ‘æ°¸è¿œå–œæ¬¢ç¶é—¨å…„å¦¹ï¼ï¼ï¼æˆ‘æ°¸è¿œå–œæ¬¢æ°´å‘¼ç»„ï¼ï¼ï¼æˆ‘æ°¸è¿œå–œæ¬¢ç‚¼ç‹±å®¶çš„çŒ«å¤´é¹°ä»¬ï¼ï¼ï¼
è±†ç‚¹å„¿å¤§,çœ‹è¿‡,åŠ›è,2020-03-06 14:44:00,0,æŽ¨èï¼
wickerpark,çœ‹è¿‡,åŠ›è,2020-03-05 00:50:30,0,2019çš„æœ€çˆ±
æƒ³ä¸Šå¤©ðŸ‡¨ðŸ‡³,çœ‹è¿‡,åŠ›è,2020-03-02 08:00:57,0,å–œæ¬¢çš„ç¬¬ä¸€éƒ¨æ—¥æ¼«
æ¾é¼ é³œé±¼å¤«äºº,çœ‹è¿‡,åŠ›è,2020-03-07 15:50:59,0,å¾ˆçƒ­è¡€ï¼Œå·²ç»å¾ˆä¹…æ²¡çœ‹åˆ°è¿™ä¹ˆçƒ­è¡€ç²¾å½©çš„å°‘å¹´æ¼«æ”¹äº†ï¼ˆæ°‘å·¥æ¼«é™¤å¤–
é¡¾é³,çœ‹è¿‡,åŠ›è,2020-03-07 14:47:38,0,å°çŽ‹åœ¨è€ƒè¯ï¼Œå°æŽåœ¨å‡†å¤‡å‡ºå›½ï¼Œæˆ‘çœ‹å°‘å¹´æ¼«ç”»å“­äº†ä¸‰åŒ…çº¸å·¾ï¼Œæˆ‘ä»¬éƒ½æœ‰å…‰æ˜Žçš„æœªæ¥
ä¸æ‡‚ç”µå½±,çœ‹è¿‡,åŠ›è,2020-03-02 12:45:48,0,ä¸ºä»€ä¹ˆåˆæžè¿™ä¸€å¥—ï¼Œå®³æˆ‘ç™½å¼€å¿ƒä¸€åœº
å“ªå’é¡»æ,çœ‹è¿‡,åŠ›è,2020-03-08 09:46:16,0,å’±åªè¦ä¸è™å¦¹å¦¹è¦å‡ æ˜Ÿéƒ½å¥½è¯´ã€‚ã€‚ã€‚
æ¨ç¡•,çœ‹è¿‡,æŽ¨è,2020-03-08 15:00:40,0,æ—¢ç„¶æ˜¯å‰äº”é›†å°±ä¸çœ‹äº†å§
ç†™ä¸œ,çœ‹è¿‡,åŠ›è,2020-03-07 20:14:35,0,ç¬¬äºŒå­£ç¬¬äºŒå­£
é˜¿èµ–,çœ‹è¿‡,æŽ¨è,2020-03-02 13:32:23,0,åˆ†æ•°ç¡®å®žæœ‰ç‚¹è™šé«˜ã€‚
XiaoNan,çœ‹è¿‡,æŽ¨è,2020-03-02 16:45:06,0,æœŸå¾…å‰§åœºç‰ˆ
å‘¨æ¶¦åœŸ,çœ‹è¿‡,åŠ›è,2020-03-06 12:20:07,0,æ¼«ç”»å¿«å®Œç»“äº†ï¼ŒåŠ¨ç”»ä¸€ç›´ä¹Ÿåœ¨è¿½ã€‚ç”»é¢çœŸçš„å¥½ã€‚å°±æ˜¯æœ‰ç‚¹çŸ­ã€‚æ¼«ç”»200æ¥ç« å°±è¦å®Œç»“äº†
Mr.æä»,çœ‹è¿‡,åŠ›è,2020-03-03 21:12:31,0,åŽŸæ¥æ˜¯åˆé›†ï¼Œä¸è¿‡ä¾ç„¶ç²¾å½©
æ±Ÿæ¹–éª—å­ðŸ‡¨ðŸ‡³,çœ‹è¿‡,åŠ›è,2020-03-08 13:29:20,0,è¿™å‡ å¹´æ—¥æ¼«éš¾å¾—çš„ä½³å“ï¼Œå¯¹äºŽä¸€ä¸ªä¸çˆ±çƒ­è¡€æ¼«çš„è€äººå®¶æ¥è¯´åŠ¨ç”»é‡Œç‡ƒçƒ§ç»è´¹çš„æ‰“æ–—é•œå¤´çœ‹å¾—å¤ªçˆ½äº†ï¼
è»å…¬å­,çœ‹è¿‡,åŠ›è,2020-03-02 23:26:33,0,æˆ‘çˆ±é¬¼ç­ä¹‹åˆƒï¼ŒåŠ æ²¹å•Šã€‚
SaerTfyui-,çœ‹è¿‡,2020-03-06 22:27:47, ,1,åŽŸæ¥åªæ˜¯å‰äº”é›†å—ï¼Œé‚£å¯ä»¥ä¸çœ‹äº†
å¥¶å‘³è€¶ç¨£,çœ‹è¿‡,æŽ¨è,2020-03-03 09:42:34,0,è¶…å¥½çœ‹å•Šå•Šå•Šå•Šï¼
ALISA,çœ‹è¿‡,åŠ›è,2020-03-04 04:11:57,0,å¥½å–œæ¬¢è¿™ä¸ªç”»é£Ž
æ— åæ°,çœ‹è¿‡,åŠ›è,2020-03-07 10:35:16,0,två‰5 é‚£æ—¶å€™ä¸ºäº†çœ‹è¿˜å……äº†å¤§ä¼šå‘˜
1,çœ‹è¿‡,å¾ˆå·®,2020-03-02 21:38:44,1,æ‰“æ€ªå‡çº§è€Œå·²å¯çœ‹å¯ä¸çœ‹
å¹¿ç§‘å­¦å­,çœ‹è¿‡,è¿˜è¡Œ,2020-03-02 17:50:29,0,è¿™ã€‚ã€‚
è¯¥ç”¨æˆ·å·²æ³¨é”€,çœ‹è¿‡,è¿˜è¡Œ,2020-03-09 08:16:21,0,angï¼Ÿä¸æ˜¯å‰§åœºç‰ˆâ€¦è¿™ä¹Ÿæœ‰ç‚¹å¤ªé‚£å•¥äº†å§
Fatty,çœ‹è¿‡,åŠ›è,2020-03-06 16:42:45,0,ï¼Ÿ
é»„,çœ‹è¿‡,æŽ¨è,2020-03-04 00:08:05,0,è¿˜ä¸é”™çš„åŠ¨æ¼«ï¼Œå¯ä»¥çœ‹ä¸€çœ‹ï¼
ç«èˆžæ—‹é£Ž,çœ‹è¿‡,åŠ›è,2020-03-02 17:48:07,0,è¿™ä¸æ˜¯å‰§åœºç‰ˆå—ï¼Ÿå¥½å§ï¼Œä¸è¿‡åå­—èµ·å¾—å¥½ï¼Œæœ€çˆ±ç‚­è±†å…„å¦¹äº†
Smallå¥æ­¥é£žè´¼,çœ‹è¿‡,æŽ¨è,2020-03-03 12:36:44,0,åŽŸæ¥å¦‚æ­¤
é—­å˜´å§ä½ ,çœ‹è¿‡,æŽ¨è,2020-03-07 23:59:37,0,åŽŸæ¥ä¸æ˜¯å‰§åœºç‰ˆå‘€ï¼Œä¸è¿‡TVç‰ˆä¹Ÿä¸é”™ï½žè¿˜æ˜¯å¾ˆå¥½çœ‹æ»´
å¯yet,çœ‹è¿‡,åŠ›è,2020-03-06 20:58:18,0,å¥½çœ‹å¥½çœ‹ï¼Œé£Žæ ¼çˆ±äº†çˆ±äº†
ç§‰çƒ›æ¸¸,çœ‹è¿‡,åŠ›è,2020-03-03 12:40:21,0,å‰§åœºç‰ˆæš‘å‡èƒ½å‡ºå—ï¼Ÿ
äººé›œæ¹¯,çœ‹è¿‡,è¿˜è¡Œ,2020-03-06 21:11:55,0,è¯¶â€¦çœŸæ˜¯ç¾¤å­©å­ å¾å³ å¤ªå¹¸è¿äº†
ä¸‰æ¯›åŒå­¦,çœ‹è¿‡,åŠ›è,2020-03-07 01:33:49,0,çœ‹è‡ªæˆ‘éƒ½æ— æ³•ä¸»å®°çš„å¼±è€…ï¼Œè¿Ÿæ—©ä¼šè‡£æœäºŽå¼ºè€…
æ¸©ä¹Ÿ,çœ‹è¿‡,åŠ›è,2020-03-02 10:11:40,1,å·¨å¥½çœ‹çš„ç•ª è¿‘å‡ å¹´å¿ƒä¸­æœ€ä½³
æœ¨æ¢“è±è±827,çœ‹è¿‡,åŠ›è,2020-03-02 12:26:11,0,åˆšå¼€å§‹çœ‹çš„æ—¶å€™æ˜¯è¢«é‚£ä¸ªå™©æ¢¦å¾ˆå¸…å’Œäººç±»ç»“å©šäº†çš„å‰§æƒ…å¸å¼•åŠ›ï¼Œä¹‹åŽå‘çŽ°å¾ˆå¥½çœ‹ï¼Œç”·ä¸»å¤ªæƒ¨äº†ã€‚
Ean,çœ‹è¿‡,åŠ›è,2020-03-06 09:27:39,0,å¯ç›å¯ç”œ
è”šè¥¿,çœ‹è¿‡,åŠ›è,2020-03-02 14:51:19,0,å¥½çœ‹å°±å®Œäº†
